1100,3133,Leach,Morgan,617-953-7138,Merced,CA,UCM Cars
1101,3171,Green,Mitchell,208-515-2426,Madera,CA,UCM Cars
1102,3144,Fuller,Tyler,342-642-0588,Fresno,CA,Used Cars
1103,3108,Rangel,Jessica,428-678-3661,Turlock,CA,Fresno Top Cars
1104,3157,Valentine,Kevin,430-880-8482,Merced,CA,UCM Cars
1105,3174,Peterson,James,346-330-7170,Merced,CA,Merced Auto Sales
1106,3136,Acosta,Latoya,272-221-7080,Fresno,CA,All Star Auto
1107,3205,Cooper,Tonya,439-325-9466,Madera,CA,Fresno Top Cars
1108,3151,Baxter,Kimberly,656-692-7177,Madera,CA,Fresno Top Cars
1109,3219,Miller,Aaron,638-291-7353,Stockton,CA,UCM Cars
1110,3137,Russo,David,712-297-8809,Chowchilla,CA,Used Cars
1111,3189,Allen,Christine,297-821-2078,Merced,CA,Merced Auto Sales
1112,3142,Smith,Anthony,382-395-7633,Merced,CA,Fresno Top Cars
1113,3152,Rivers,Kimberly,572-780-9337,Merced,CA,Merced Auto Sales
1114,3106,Guzman,Nicole,479-370-4490,Turlock,CA,Merced Auto Sales
1115,3184,Jones,David,919-793-8928,Madera,CA,All Star Auto
1116,3191,Bradley,Timothy,862-225-5816,Fresno,CA,All Star Auto
1117,3113,Koch,Donna,334-883-8076,Los Angeles,CA,UCM Cars
1118,3102,Esparza,Darlene,709-632-2450,Sacramento,CA,UCM Cars
1119,3203,Hughes,Ashley,801-521-8716,Merced,CA,Used Cars
1120,3120,Chapman,Jessica,506-312-6453,Fresno,CA,Used Cars
1121,3117,Madden,Nathan,526-513-3586,Madera,CA,UCM Cars
1122,3154,Patel,John,960-425-9872,Merced,CA,UCM Cars
1123,3163,Khan,Elizabeth,749-440-2464,Stockton,CA,All Star Auto
1124,3197,Fisher,Maria,936-957-6732 ,Merced,CA,UCM Cars
